名称,住所
R_札幌駅前通,北海道札幌市中央区北4条西4丁目1-7MMS札幌駅前ビル1F?3F
R_札幌大通,北海道札幌市中央区大通西1-14-2桂和大通ビル509F
R_オープンオフィス札幌南,"北海道札幌市中央区北2条西2-32第37桂和ビル5F,6F"
R_札幌北ビル,北海道札幌市北区北七条西2-8-1札幌北ビル9F
R_アクア青森スクエア,"青森県青森市島2-13-1AQUA青森スクエア4F,6F"
R_八戸,青森県八戸市十三日町1ヴィアノヴァビル3F
R_盛岡中央通,岩手県盛岡市中央通1-7-35コアフィールドモリオカ（旧三井生命盛岡ビル）1F?3F
R_山形駅前,"山形県山形市幸町2-91F,2F"
R_秋田駅前,秋田県秋田市中通2-2-32山二ビル6F
R_仙台マークワン,宮城県仙台市青葉区中央1-2-3仙台マークワン19F
R_仙台花京院,"宮城県仙台市青葉区花京院2-1-61オークツリー仙台（旧タカノボル第5ビル）1F,2F"
R_リージャスクラックス仙台,宮城県仙台市青葉区一番町3-3-1クラックス仙台4F
R_オープンオフィス仙台青葉通り,宮城県仙台市青葉区中央2-2-10仙都会館5F
R_オープンオフィス仙台駅前,宮城県仙台市青葉区中央4-10-3JMFビル仙台01（旧仙台キャピタルタワー）2F
R_SPACES仙台,宮城県仙台市青葉区花京院1-2-15ソララプラザ3F
R_郡山駅前,福島県郡山市駅前二丁目3-7エリート30ビル
R_オープンオフィス郡山駅前1丁目,"福島県郡山市駅前1丁目7-6エリート28ビル1,2F"
R_高崎,群馬県高崎市栄町3番11号高崎バナーズビル3F?5F
R_大宮西口駅前,埼玉県さいたま市大宮区桜木町1丁目398-1アドグレイス大宮7F
R_大宮ウエスト,埼玉県さいたま市大宮区桜木町1-266-3シンワKIビル2F?5F
R_オープンオフィス大宮駅西口,埼玉県さいたま市大宮区桜木町1-366-91F?5F
R_Signature 日比谷ファースト,東京都千代田区有楽町1-13-2第一生命日比谷ファースト12F
R_有楽町イトシア,東京都千代田区有楽町2-7-1有楽町イトシア12F
R_大手町ファーストスクエア,東京都千代田区大手町1-5-1大手町ファーストスクエアイーストタワー4F
R_麹町,"東京都千代田区麹町4-5-20KSビル4F,7F,8F"
R_丸の内新国際ビル,東京都千代田区丸の内3-4-1新国際ビル8F
R_丸の内鉄鋼ビル,東京都千代田区丸の内1-8-2鉄鋼ビルディング4F
R_丸の内パシフィックセンチュリープレイス,"東京都千代田区丸の内1-11-1パシフィックセンチュリープレイス丸の内8F,13F"
R_秋葉原南,"東京都千代田区神田須田町2-25GYB秋葉原4F,5F"
R_神田,東京都千代田区神田須田町1-14ヒューリック神田須田町ビル1F?4F
R_オープンオフィス神保町,東京都千代田区神田錦町3-7-2東京堂錦町ビルディング7F?9F
R_銀座三丁目,東京都中央区銀座3-4-1大倉別館5F
R_銀座一丁目,"東京都中央区銀座1-16-7銀座大栄ビル5F,6F"
R_日本橋兜町,東京都中央区日本橋兜町5-1兜町第1平和ビル3F
R_オープンオフィス日本橋箱崎,東京都中央区日本橋箱崎町27-9オフィスヴェラ日本橋箱崎1F
R_オープンオフィス日本橋セントラル,"東京都中央区日本橋1-2-10東洋ビル3F,5F,6F"
R_池袋,東京都豊島区南池袋1-16-15ダイヤゲート池袋5F
R_オープンオフィス池袋南,東京都豊島区南池袋1-16-20ぬかりやビル6F
R_新橋東急ビル,"東京都港区新橋4-21-3新橋東急ビル2F,3F"
R_オープンオフィス西新橋,東京都港区新橋4-31-3第3名和ビル1F?9F
R_Signature 六本木ヒルズ森タワー,東京都港区六本木6-10-1六本木ヒルズ森タワー16F
R_六本木駅前,東京都港区六本木6-1-20六本木電気ビル5F?7F
R_青山ツイン,東京都港区南青山1-1-1新青山ビル東館7F
R_オープンオフィス南青山,東京都港区南青山3-5-2南青山第一韮澤ビル3F
R_オープンオフィス青山セントラル,"東京都港区南青山2-2-8DFビル5F,6F,10F"
R_オープンオフィス乃木坂,東京都港区南青山1-20-2乃木坂ビジネスコート1F?3F
R_表参道フォレストヒルズ,東京都港区南青山4-18-11フォレストヒルズイーストウィング2F
R_赤坂アークヒルズ,東京都港区赤坂1-12-32アーク森ビル12F
R_オープンオフィス赤坂ビジネスプレイス,東京都港区赤坂2-14-5Daiwa赤坂ビル7F
R_オープンオフィス赤坂見附,東京都港区赤坂4-7-6赤坂ビジネスコート2F?4F
R_オープンオフィス溜池山王,"東京都港区赤坂1-3-5赤坂アビタシオン3F,8F"
R_赤坂Kタワー,東京都港区元赤坂1-2-7赤坂Ｋタワー4F
R_麻布グリーンテラス,東京都港区南麻布3-20-1Daiwa麻布テラス5F
R_オープンオフィス麻布十番,東京都港区東麻布2-22-5AZABUEASTCOURT1F
R_汐留ビルディング,東京都港区海岸1-2-20汐留ビルディング3F
R_神谷町MTビル,東京都港区虎ノ門4-3-20神谷町MTビル14F
R_芝大門,東京都港区芝大門1-10-11芝大門センタービル10F
R_オープンオフィス大門駅前,東京都港区芝大門2-2-1ACN芝大門ビルディング（旧：ユニゾ芝大門二丁目ビル）
R_品川グランドセントラルタワー,東京都港区港南2-16-4品川グランドセントラルタワー8F
R_品川イーストワンタワー,東京都港区港南2-16-1品川イーストワンタワー4F
R_オープンオフィス品川シーサイドイーストタワー,東京都品川区東品川4-12-8品川シーサイドイーストタワー15F
R_オープンオフィス五反田駅西口,東京都品川区西五反田1-26-2五反田サンハイツビル2F
R_オープンオフィス大崎駅西口,東京都品川区大崎3-5-2エステージ大崎ビル6F
R_恵比寿,"東京渋谷区恵比寿南1-1-1ヒューマックス恵比寿ビル7F,8F"
R_恵比寿南,東京都渋谷区恵比寿南1-20-6第21荒井ビル3F
R_渋谷公園通り,東京都渋谷区神南1-23-14リージャス渋谷公園通りビル1F?6F
R_渋谷マークシティ,東京都渋谷区道玄坂1-12-1渋谷マークシティ22F
R_渋谷スクエア,東京都渋谷区南平台町16-28Daiwa渋谷スクエア6F
R_代官山,"東京都渋谷区恵比寿西2-19-9フランセスビル1F,2F"
R_スクエア代官山,東京都渋谷区代官山町8-7スクエア代官山ビル1F?6F
R_原宿,"東京都渋谷区神宮前6-28-9東武ビル3F,5F,6F"
R_オープンオフィス渋谷Hills,東京都渋谷区桜丘町15-14フジビル407F
R_オープンオフィス渋谷神南,東京都渋谷区神南1-12-14渋谷宮田ビル6F?8F
R_広尾,"東京都渋谷区広尾5-4-12大成鋼機ビル4F,5F"
R_新宿西口,"東京都新宿区西新宿1-20-3西新宿髙木ビル7F,8F"
R_新宿南口,"東京都渋谷区千駄ヶ谷5-27-3やまとビル1F,8F"
R_新宿パークタワー,東京都新宿区西新宿3-7-1新宿パークタワーN棟30F
R_新宿イーストサイドスクエア,東京都新宿区新宿6-27-30新宿イーストサイドスクエアB1F
R_オープンオフィス西新宿駅前,東京都新宿区西新宿8-11-10星野ビル3F
R_錦糸町アルカセントラル,東京都墨田区錦糸1-2-1アルカセントラル14F
R_オープンオフィス立川駅南,"東京都立川市錦町1-4-20TSCビル5F,6F"
R_町田駅前,"東京都町田市森野1-36-2セレステ町田1F,2F"
R_Regus Express羽田空港第1ターミナル,東京都大田区羽田空港3-3-2羽田空港第1旅客ターミナル5F（マーケットプレイス5F）
R_SPACES大手町ビル,東京都千代田区大手町1-6-1大手町ビル1F?3F
R_SPACES品川,東京都港区港南2-16-1品川イーストワンタワー7F?8F
R_SPACES新宿,東京都新宿区西新宿1-4-11全研プラザビル
R_SPACES六本木,東京都港区六本木7-12-2R7ビルディング
R_SPACES赤坂,東京都港区赤坂2-5-8ヒューリック赤坂JPタワー3F?6F
R_千葉大栄ビル,千葉県千葉市中央区富士見1-14-13千葉大栄ビル8F
R_横浜ランドマークプラザ,神奈川県横浜市西区みなとみらい2-2-1横浜ランドマークプラザ5F
R_横浜ランドマークタワー,神奈川県横浜市西区みなとみらい2-2-1横浜ランドマークタワー20F
R_横浜ブルーアベニュー,神奈川県横浜市西区みなとみらい4-4-2横浜ブルーアベニュー12F
R_関内,神奈川県横浜市中区尾上町4-57横浜尾上町ビルディング8F
R_新横浜スクエア,神奈川県横浜市港北区新横浜2-3-12新横浜スクエア14F
R_新横浜,神奈川県横浜市港北区新横浜2-5-14WISENEXT新横浜3F
R_横浜スカイビル,神奈川県横浜市西区高島2-19-12横浜スカイビル20F
R_横浜駅西口,"神奈川県横浜市西区北幸1-11-5相鉄ビル6F,9F"
R_オープンオフィス横浜金港町,神奈川県横浜市神奈川区金港町7-3金港ビル7F
R_オープンオフィス本厚木駅前,"神奈川県厚木市中町4-14-1サクセス本厚木ビル5F,6F"
R_つくば,"茨城県つくば市吾妻1-5-7ダイワロイネットホテルつくばビル1F,2F"
R_オープンオフィス水戸,茨城県水戸市泉町2-2-33水戸泉町ビル7F
R_静岡葵タワー,静岡県静岡市葵区紺屋町17-1葵タワー1F
R_浜松駅南口,"静岡県浜松市中央区砂山町355-4ハマキョウレックス浜松駅南ビル（旧静銀・大東京砂山ビル）3F,4F"
R_浜松駅北口,静岡県浜松市中央区鍛冶町140浜松Cビル4F
R_SPACES JPタワー名古屋,愛知県名古屋市中村区名駅1-1-1JPタワー名古屋21F
R_KDX名古屋駅前ビル,愛知県名古屋市中村区名駅3-26-8KDX名古屋駅前ビル13F
R_名古屋駅東口,愛知県名古屋市中村区名駅2-45-14東進名駅ビル4F
R_大名古屋ビルヂング,"愛知県名古屋市中村区名駅3-28-12大名古屋ビルヂング11F,25F"
R_名駅,愛知県名古屋市中村区名駅4-6-23第三堀内ビル9F
R_名古屋栄ガスビル,愛知県名古屋市中区栄3-15-33栄ガスビル13F
R_広小路ガーデンアベニュー,"愛知県名古屋市中村区名駅4-24-16広小路ガーデンアベニュー3F,4F"
R_名古屋国際センター駅前,愛知県名古屋市中村区名駅5-4-14花車ビル北館1F?2F
R_サンテラス三河安城,愛知県安城市三河安城南町1丁目-15-8サンテラス三河安城ビル6F
R_オープンオフィス名古屋丸の内,愛知県名古屋市中区錦2-5-5八木兵伝馬町ビル3F
R_オープンオフィス名古屋伏見,愛知県名古屋市中区錦1-5-11名古屋伊藤忠ビル4F
R_オープンオフィス名駅南,"愛知県名古屋市中村区名駅5-31-10リンクス名駅ビル5F,6F"
R_オープンオフィス刈谷,愛知県刈谷市若松町3-9YFBLDG3F
R_オープンオフィス豊田,愛知県豊田市小坂本町1-5-5YAMATOBLDG2F
R_日本生命新潟,新潟県新潟市中央区東大通2丁目4-10日本生命新潟ビル9F
R_オープンオフィス新潟,新潟県新潟市中央区上大川前通七番町1230-7ストークビル鏡橋7F
R_長野駅前,"長野県長野市大字栗田2125長栄長野東口ビル1F,2F"
R_オープンオフィス長野駅善光寺口,長野県長野市大字南長野西後町1597-1長野朝日八十二ビル4F
R_富山電気ビルディング,富山県富山市桜橋通り3-1富山電気ビルディング本館2F
R_金沢パークビル,石川県金沢市広岡3-1-1金沢パークビル8F
R_金沢駅東,"石川県金沢市彦三町1-2-1アソルティ金沢彦三ビル1F,3F"
R_Signature 大阪梅田ツインタワーズ・サウス,大阪府大阪市北区梅田1-13-1大阪梅田ツインタワーズ・サウス15F
R_大阪梅田ツインタワーズ・ノース,大阪府大阪市北区角田町8-1大阪梅田ツインタワーズ・ノース19F
R_あべのハルカス,大阪府大阪市阿倍野区阿倍野筋1-1-43あべのハルカス31F
R_近鉄難波ビル,大阪市中央区難波4-1-15近鉄難波ビル1F?3F
R_なんばパークス,大阪府大阪市浪速区難波中2-10-70なんばパークスタワー19F
R_梅田阪急グランドビル,大阪府大阪市北区角田町8-47阪急グランドビル20F
R_阪急ターミナルビル,大阪府大阪市大阪市北区芝田1-1-4阪急ターミナルビル16F
R_大阪国際ビルディング,大阪府大阪市中央区安土町2-3-13大阪国際ビルディング31F
R_新大阪阪急ビル,大阪府大阪市淀川区宮原1-1-1新大阪阪急ビル3F
R_パシフィックマークス西梅田,大阪府大阪市北区梅田2-6-20パシフィックマークス西梅田4F
R_梅田スクエア,"大阪府大阪市北区梅田1-12-17JRE梅田スクエアビル(旧梅田スクエアビルディング)1F,B1F"
R_オープンオフィス西阪急梅田,大阪市北区芝田2-1-18西阪急ビル1F
R_オープンオフィス大阪福島,大阪市福島区福島5-6-16ラグザ大阪2F
R_オープンオフィス御堂筋,大阪府大阪市中央区淡路町3-5-13創建御堂筋ビル2F
R_オープンオフィス大阪平野町,"大阪府大阪市中央区平野町2-5-8平野町センチュリービル2F,3F"
R_オープンオフィス新大阪北,大阪府大阪市淀川区西宮原1-8-24新大阪第3ドイビル6F
R_オープンオフィス京阪淀屋橋,"大阪府大阪市中央区北浜3-2-25京阪淀屋橋ビル8F,9F"
R_リージャスエクスプレス千里中央駅,大阪府豊中市新千里東町1-4-1阪急千里中央ビル
R_リージャスエクスプレス阪急茨木市駅,大阪府茨木市双葉町10-1茨木東阪急ビル
R_京都四条烏丸,"京都府京都市下京区四条通室町東入函谷鉾町101アーバンネット四条烏丸ビル6F,7F"
R_オープンオフィス京都烏丸,"京都府京都市中京区梅忠町24番地三条COHJUビル4F,5F"
R_オープンオフィス京都河原町御池,京都府京都市中京区河原町通二条下ル一之船入町376クロトビル3F?5F
R_神戸国際会館,兵庫県神戸市中央区御幸通8-1-6神戸国際会館22F
R_リージャスエクスプレス阪急伊丹駅,兵庫県伊丹市西台1-1-1伊丹阪急ビル（伊丹リータ）
R_オープンオフィス神戸三宮南,"兵庫県神戸市中央区磯辺通1-1-20KOWAビル1F,3F"
R_姫路駅前,兵庫県姫路市南町63ミツワビル1F～4F
R_岡山第一セントラル,岡山県岡山市北区本町6-36第一セントラルビル4F
R_岡山アクロスキューブ,"岡山県岡山市北区下石井一丁目1-17アクロスキューブ岡山駅前ビル2F,3F"
R_広島駅前,広島県広島市東区二葉の里3-5-7GRANODE広島3F
R_ひろしまハイビル21,広島県広島市中区銀山町3-1ひろしまハイビル2116F
R_新広島ビルディング,広島県広島市中区幟町新広島ビルディング13-151F?2F
R_オープンオフィス広島大手町,広島県広島市中区大手町3-1-3IT大手町ビル6F
R_広島稲荷大橋,"広島県広島市中区橋本町9-7ビル博丈（旧穴吹広島ビル）5F,8F"
R_高松,香川県高松市寿町2-2-10高松寿町プライムビル4F
R_オープンオフィス高松,"香川県高松市中野町29-5高松プラザビル3F,4F"
R_松山市駅前,愛媛県松山市千舟町4-3-7青野ビル1F
R_Signature 福岡大名ガーデンシティ,福岡県福岡市中央区大名2丁目6-50福岡大名ガーデンシティ8F
R_福岡天神スカイホール,福岡県福岡市中央区天神1-4-1西日本新聞会館16F（天神スカイホール内）
R_博多駅博多口,福岡市博多区博多駅前2丁目17-11F・2F
R_JRJP博多ビル,福岡県福岡市博多区博多駅中央街8-1JRJP博多ビル3F
R_アクア博多,福岡県福岡市博多区中洲5-3-8アクア博多5F
R_オープンオフィス博多駅前通り,"福岡県福岡市博多区博多駅前3-27-25第二岡部ビル8F,9F"
R_博多駅筑紫口,"福岡県福岡市博多区博多駅東2-5-19サンライフ第3ビル5F,6F"
R_福岡天神南,福岡県福岡市中央区渡辺通5-14-12南天神ビル3F
R_オープンオフィス西鉄久留米駅前,福岡県久留米市天神町1丁目1米城ビルディング9F
R_SPACES博多駅前,福岡県福岡市博多区博多駅前3丁目4-25アクロスキューブ博多駅前
R_熊本PLACE花畑,"熊本県熊本市中央区新市街1-28THE･PLACE花畑ビル6F,7F"
R_熊本下通,熊本県熊本市中央区下通1-3-8下通NSビル6F
R_オープンオフィス熊本銀座通り,熊本県熊本市中央区中央街4-22アルバ銀座通りビル5F?8F
R_小倉駅前,福岡県北九州市小倉北区米町1-1-1小倉駅前ひびきビル6F
R_オープンオフィス小倉,"福岡県北九州市小倉北区鍛冶町1-1-1北九州東洋ビル3F,5F"
R_長崎BizPORT,長崎県長崎市元船町9-18長崎BizPORT2F
R_大分駅北口,大分県大分市金池町2-4-6九州電力大分別館1F
R_オープンオフィス大分,大分県大分市府内町3-4-20大分恒和ビル4F
R_宮崎橘通,宮崎県宮崎市橘通東4-1-4河北ビル1F～3F
R_鹿児島中央駅前,"鹿児島県鹿児島市武1-2-10鹿児島中央ビル4,5F"
R_鹿児島天文館,鹿児島県鹿児島市西千石町11-21鹿児島MSビル
R_ホークシティ那覇,"沖縄県那覇市松尾1-10-24ホークシティ那覇ビル1F,4F,5F"
R_COI那覇ビル,"沖縄県那覇市久米2-3-15COI那覇ビル5F,7F"
WeWork 渋谷スクランブルスクエア,東京都渋谷区渋谷2-24-12 渋谷スクランブルスクエア 39F
WeWork アイスバーグ,東京都渋谷区神宮前 6-12-18 The Iceberg 1F
WeWork ジ アーガイル アオヤマ,東京都港区北青山 2-14-4 the ARGYLE aoyama 6F
WeWork 乃木坂,東京都港区南青山1-24-3 1F
WeWork 品川,東京都港区高輪4-10-18 京急第1ビル 13F
WeWork TK 池田山,東京都品川区東五反田5-22-33 TK池田山ビル 2F
WeWork リンクスクエア新宿,東京都渋谷区千駄ヶ谷5-27-5 リンクスクエア新宿 16F
WeWork Dタワー 西新宿,東京都新宿区西新宿6-11-3 Dタワー西新宿 16F
WeWork メトロポリタンプラザビル,東京都豊島区西池袋1-11-1 メトロポリタンプラザビル 14F
WeWork Hareza 池袋,東京都豊島区東池袋1-18-1 Hareza Tower 20F
WeWork 麹町,東京都千代田区麹町6-6-2 番町麹町ビルディング 5F
WeWork 日テレ四谷ビル,東京都千代田区麹町5-3-23 日テレ四谷ビル 1F
WeWork 半蔵門 PREX North,東京都千代田区麹町2-3-2 半蔵門PREX North 2F
WeWork 半蔵門 PREX South,東京都千代田区麹町2-5-1 半蔵門PREX South 2F
WeWork 神谷町トラストタワー,東京都港区虎ノ門4-1-1 神谷町トラストタワー 23F
WeWork 城山トラストタワー,東京都港区虎ノ門4-3-1 城山トラストタワー 21F
WeWork アークヒルズサウス,東京都港区六本木1-4-5 アークヒルズサウスタワー 16F
WeWork KDX 虎ノ門１丁目,東京都港区虎ノ門1-10-5 KDX虎ノ門一丁目ビル 11F
WeWork 日比谷パークフロント,東京都千代田区内幸町2-1-6 日比谷パークフロント 19F
WeWork 日比谷FORT TOWER,東京都港区西新橋1-1-1 10F
WeWork ギンザシックス,東京都中央区銀座6-10-1 GINZA SIX 13F
WeWork 丸の内北口,東京都千代田区丸の内1-6-5 丸の内北口ビルディング 9F
WeWork 東京ポートシティ竹芝,東京都港区海岸1-7-1 東京ポートシティ竹芝 10F
WeWork 東京スクエアガーデン,東京都中央区京橋3-1-1 東京スクエアガーデン 14F
WeWork 日本生命日本橋ビル,東京都中央区日本橋2-13-12 日本生命日本橋ビル 4F
WeWork KABUTO ONE,東京都中央区日本橋兜町7-1
WeWork KANDA SQUARE,東京都千代田区神田錦町2-2-1 KANDA SQUARE 11F
WeWork 神保町,東京都千代田区神田神保町2-11-15 2F
WeWork Daiwa 晴海,東京都中央区晴海3-10-1 Daiwa晴海ビル 2F
WeWork 神田司町,東京都千代田区神田司町2-7-9
WeWork 竹橋 PREX,東京都千代田区神田神保町3-27-7
WeWork オーシャンゲートみなとみらい,神奈川県横浜市西区みなとみらい3-7-1 オーシャンゲートみなとみらい 8F
WeWork JRセントラルタワーズ 名古屋,愛知県名古屋市中村区名駅１丁目１?４ JRセントラルタワーズ 50F
WeWork JR 仙台イーストゲートビル,宮城県仙台市宮城野区榴岡1-1-1 JR仙台イーストゲートビル 2F
WeWork グローバルゲート名古屋,愛知県名古屋市中村区平池町4-60-12 グローバルゲート 11F
WeWork 御堂筋フロンティア,大阪府大阪市北区曽根崎新地1-13-22 御堂筋フロントタワー 1F
WeWork LINKS UMEDA,大阪府大阪市北区大深町1-1 ヨドバシ梅田タワー 8F
WeWork なんばスカイオ,大阪市中央区難波5-1-60 なんばスカイオ 27F
WeWork 三宮プラザ East,兵庫県神戸市中央区磯上通7-1-5 三宮プラザEAST 9F
WeWork 大名,福岡県福岡市中央区大名1-1-29 1F
WeWork ゲイツ福岡,福岡県福岡市博多区中洲3-7-24 ゲイツ 11F
ワークスタイリング東京ミッドタウン八重洲,"東京都中央区八重洲2-2-1
東京ミッドタウン八重洲八重洲セントラルタワー7F"
ワークスタイリング日本橋三井タワー,"東京都中央区日本橋室町二丁目1番1号
日本橋三井タワー6F"
ワークスタイリング大手町,東京都千代田区大手町1-2-1OtemachiOneタワー6階
ワークスタイリング東京ミッドタウン日比谷,東京都千代田区有楽町1-1-2日比谷三井タワー12F
ワークスタイリング品川,"東京都港区港南2-16-5
NBF品川タワー5階（受付）"
ワークスタイリング東京ミッドタウン (六本木),東京都港区赤坂9丁目7?118F
ワークスタイリング新宿三井ビルディング,東京都新宿区西新宿2-1-1新宿三井ビルディング11F
ワークスタイリング汐留シティセンター,"東京都港区東新橋1-5-2
汐留シティセンター5階"
ワークスタイリング霞が関ビルディング,東京都千代田区霞が関3-2-5霞が関ビルディング36階
ワークスタイリング日本橋高島屋三井ビル,"東京都中央区日本橋二丁目５番1号
日本橋高島屋三井ビルディング9階"
ワークスタイリング茅場町,"東京都中央区日本橋茅場町1-1-3
茅場町一丁目ビル（旧ニッセイ茅場町ビル）２階"
ワークスタイリング新橋,"東京都港区新橋1-10-6
新橋M-SQUARE2階"
ワークスタイリング銀座,"東京都中央区銀座3-2-15
ギンザ・グラッセ9階"
ワークスタイリング目黒,東京都品川区上大崎4-1-5目黒ヒルトップウォーク5階
ワークスタイリング五反田,東京都品川区西五反田1-5-1A-PLACE五反田駅前ビル5階
ワークスタイリング大井町,東京都品川区大井1-47-1NTビル3階
ワークスタイリング田町三田口,"東京都港区芝5-34-7
田町センタービル13階"
ワークスタイリング田町芝浦口,"東京都港区芝浦3-13-3
芝浦SECビル5階"
ワークスタイリング浜松町,"東京都港区浜松町1-24-8
オリックス浜松町ビル3F"
ワークスタイリング渋谷,"東京都渋谷区渋谷3-6-6
渋谷パークビル3F"
ワークスタイリング渋谷 MIYASHITA PARK,東京都渋谷区神宮前6-20-10MIYASHITAPARKSouth1階
ワークスタイリング恵比寿,"東京都渋谷区恵比寿西1-10-11
フジワラビルディング8階"
ワークスタイリング中目黒,東京都目黒区上目黒2-9-1中目黒GS第一ビル8階
ワークスタイリング表参道,東京都港区北青山三丁目5番15号4階・8階
ワークスタイリング二子玉川,東京都世田谷区玉川2-27-8玉川髙島屋ショッピングセンターケヤキコート1階
ワークスタイリング新宿東口,"東京都新宿区新宿3-24-1
NEWNO・GS新宿8F"
ワークスタイリング池袋東口,"東京都豊島区東池袋1-21-11
オーク池袋ビル11階"
ワークスタイリング池袋西口,"東京都豊島区西池袋1-10-10
東武アネックスビル5F"
ワークスタイリング赤羽,東京都北区赤羽西1-7-1パルロード3８階
ワークスタイリング秋葉原昭和通,"東京都千代田区神田佐久間町1-26
秋葉原村井ビル2階"
ワークスタイリング秋葉原中央,"東京都千代田区神田相生町1
秋葉原センタープレイス3F"
ワークスタイリング上野,"東京都台東区上野7-7-6
MPR上野駅前ビル2階"
ワークスタイリング神田,"東京都千代田区鍛冶町2-6-2
上野ビルディング6階"
ワークスタイリング北千住,東京都足立区千住3-98千住ミルディスⅡ番館5階
ワークスタイリング御茶ノ水,"東京都千代田区神田駿河台2-1-45
NEWSURUGADAIbld.（ニュー駿河台ビル）4階"
ワークスタイリング後楽園,東京都文京区小石川1-1-1文京ガーデンゲートタワー19階
ワークスタイリング四谷,東京都千代田区麹町5-3-6第7秋山ビルディング6階
ワークスタイリング神保町,東京都千代田区神田神保町1-105神保町三井ビルディング3階
ワークスタイリング飯田橋,"東京都千代田区富士見2-10-2
飯田橋グラン・ブルーム2F"
ワークスタイリング豊洲,"東京都江東区豊洲3-3-3
豊洲センタービル3F"
ワークスタイリング蒲田,"東京都大田区蒲田5-15-8
蒲田月村ビル2階"
ワークスタイリング吉祥寺,東京都武蔵野市吉祥寺南町1-6-1吉祥寺スバルビル4階
ワークスタイリング町田,"東京都町田市原町田6-3-3
町映ビル7F"
ワークスタイリング立川,"東京都立川市曙町2-7-16
鈴春ビル4F"
ワークスタイリング横浜東口,"神奈川県横浜市西区高島1-1-2
横浜三井ビルディング27階"
ワークスタイリング横浜西口16F,神奈川県横浜市西区北幸1-4-1横浜天理ビル16階
ワークスタイリング横浜西口21F,"神奈川県横浜市西区北幸1-4-1
横浜天理ビル21F"
ワークスタイリング新横浜,"神奈川県横浜市港北区新横浜3-7-18
日総第18ビル（旧称：第2上野ビル）8F"
ワークスタイリングみなとみらい,神奈川県横浜市西区みなとみらい2-3-3クイーンズタワーB7階
ワークスタイリング川崎,"神奈川県川崎市川崎区駅前本町11-1
パシフィックマークス川崎12階"
ワークスタイリングららテラス武蔵小杉店,神奈川県川崎市中原区新丸子東3-1302ららテラス武蔵小杉4階
ワークスタイリング武蔵小杉北口,神奈川県川崎市中原区小杉町1-403-35武蔵小杉タワープレイス3階
ワークスタイリング海浜幕張,"千葉県千葉市美浜区中瀬2-6-1
ワールドビジネスガーデンマリブイースト2F"
ワークスタイリング柏,"千葉県柏市柏1-2-38
さくら柏ビル8F"
ワークスタイリング船橋,"千葉県船橋市本町1-3-1
船橋Faceビル10F"
ワークスタイリング大宮東口,埼玉県さいたま市大宮区仲町2-23-2大宮仲町センタービル4階
ワークスタイリング新大阪,大阪府大阪市淀川区宮原3丁目4-30ニッセイ新大阪ビル13F
ワークスタイリング大阪本町,大阪府大阪市中央区備後町4-1-3御堂筋三井ビルディング1F
ワークスタイリング梅田,"大阪府大阪市北区芝田1-1-4
阪急ターミナルビル10F"
ワークスタイリングなんば,大阪府大阪市中央区難波2-1-2太陽生命難波ビル5階
ワークスタイリング京都駅前,"京都府京都市下京区塩小路通西洞院東入東塩小路町843-2
日本生命京都ヤサカビル5階"
ワークスタイリング淀屋橋,"大阪府大阪市中央区今橋4-1-1
淀屋橋odona2階"
ワークスタイリング三宮,兵庫県神戸市中央区加納町4-4-17ニッセイ三宮ビル13階
ワークスタイリング札幌,"北海道札幌市中央区北2条西4-1
札幌三井JPビルディング6F"
ワークスタイリング仙台,"宮城県仙台市青葉区中央1-2-3
仙台マークワン15F"
ワークスタイリング名古屋,愛知県名古屋市中村区名駅4-8-18名古屋三井ビルディング北館12・13階
ワークスタイリング広島,"広島県広島市中区紙屋町1-2-22
広島トランヴェールビルディング14F"
ワークスタイリング博多,"福岡県福岡市博多区博多駅前1-1-1
博多新三井ビルディング7F"
ワークスタイリングSOLO大船,"神奈川県鎌倉市大船1-26-29
いちご大船ビル3階"
ワークスタイリングSOLO西船橋,"千葉県船橋市印内町593?1
NST第2ビル4F"
ワークスタイリングSOLO川崎東口（京急川崎駅前）,"神奈川県川崎市川崎区駅前本町10-5
クリエ川崎5階"
ワークスタイリングSOLO溝ノ口,"神奈川県川崎市高津区溝口1-3-1
ノクティプラザ１1階"
ワークスタイリングSOLO大宮西口,"埼玉県さいたま市大宮区桜木町1-9-4
エクセレント大宮2階"
ワークスタイリングSOLO大崎,"東京都品川区大崎1-11-1
ゲートシティ大崎ウエストタワー1階"
ワークスタイリングSOLO新宿西口,新宿区西新宿1-6-1新宿エルタワーB1階
ワークスタイリングSOLO練馬,東京都練馬区豊玉北5-17-10BPRプレイス練馬（旧LOC`SNERIMABLDG）8階
ワークスタイリングSOLO成城学園前,東京都世田谷区成城2-34-14SMBC成城ビル4階
ワークスタイリングSOLO高田馬場,東京都新宿区高田馬場2-13-2Gビル高田馬場01(旧Primegate高田馬場)8階
ワークスタイリングSOLOたまプラーザ,神奈川県横浜市青葉区新石川2-3-4たまプラーザＣＲⅡビル3階
ワークスタイリングSOLO所沢,埼玉県所沢市日吉町15-14所沢第一生命ビルディング3階
ワークスタイリングSOLO松戸,千葉県松戸市本町18-4NBF松戸ビル8階
ワークスタイリングSOLO三軒茶屋,東京都世田谷区太子堂4-4-1来るびる3階
ワークスタイリングSOLO自由が丘,"東京都世田谷区奥沢5-26-4
自由が丘SKビル4・5階"
ワークスタイリングSOLO下北沢,東京都世田谷区北沢2-27-2L'tia下北沢4・5階
ワークスタイリングSOLO中野,東京都中野区中野4-2-12オーシー中野ビル4階
ワークスタイリングSOLOアーバンドックららぽーと豊洲店,東京都江東区豊洲2-4-9アーバンドックららぽーと豊洲シーサイドデッキ内
ワークスタイリングSOLO東陽町,東京都江東区東陽4-10-8杉船ビル東陽町7階
ワークスタイリングSOLO錦糸町,東京都墨田区錦糸3-2-1アルカイースト4階
ワークスタイリングSOLO荻窪,東京都杉並区上荻1-10-5荻窪SGビル4階
ワークスタイリングSOLO三鷹,東京都武蔵野市中町1-9-5第一中央ビル2階
ワークスタイリングSOLO調布,東京都調布市布田4-5-1藍澤調布ビル2階
ワークスタイリングSOLO府中,東京都府中市宮西町2-16-2府中第一生命ビルディング3階
ワークスタイリングSOLO三井アウトレットパーク多摩南大沢店,東京都八王子市南大沢1-380-1三井アウトレットパーク多摩南大沢B地区
ワークスタイリングSOLO鶴見,神奈川県横浜市鶴見区豊岡町7-10パーライトビル7階
ワークスタイリングSOLOセンター北,神奈川県横浜市都筑区中川中央1-30-1プレミアヨコハマ3階
ワークスタイリングSOLO新百合ヶ丘,神奈川県川崎市麻生区万福寺1-1-1新百合ヶ丘シティビルディング3階
ワークスタイリングSOLO登戸,"神奈川県川崎市多摩区登戸3398-1
大樹生命登戸ビル6階"
ワークスタイリングSOLO戸塚,"神奈川県横浜市戸塚区戸塚町16-14
ベルハビル5階"
ワークスタイリングSOLO藤沢,神奈川県藤沢市鵠沼石上1-5-4ISM藤沢4階
ワークスタイリングSOLO本八幡,千葉県市川市南八幡4-1-7本八幡駅南ビル4階
ワークスタイリングSOLO津田沼,千葉県船橋市前原西2-13-10自然センタービル津田沼8階
ワークスタイリングSOLOららぽーと柏の葉店,千葉県柏市若柴178-4ららぽーと柏の葉北館隣接かしわのはらっぱ
ワークスタイリングSOLO浦和,埼玉県さいたま市浦和区高砂2-13-19浦和第二大栄ビル5階
ビジネスエアポート東京,東京都千代田区丸の内1-1-3日本生命丸の内ガーデンタワー3F
ビジネスエアポート丸の内,東京都千代田区丸の内2-2-1岸本ビルヂング6F
ビジネスエアポート日比谷,東京都千代田区有楽町1-2-2東宝日比谷ビル9F
ビジネスエアポート九段下,東京都千代田区九段南1-6-5九段会館テラス1F・B1F
ビジネスエアポート神田,東京都千代田区神田鍛冶町3-4oak神田鍛冶町7F
ビジネスエアポート日本橋,東京都中央区日本橋3-6-2日本橋フロント1F
ビジネスエアポート京橋,東京都中央区京橋2-7-8FPG links KYOBASHI 2F・4F～8F
ビジネスエアポート青山,東京都港区南青山3-1-3スプライン青山東急ビル4F・6F
ビジネスエアポート新橋,東京都港区新橋1-12-9新橋プレイス6F･7F･8F
ビジネスエアポート竹芝,東京都港区海岸1-7-1東京ポートシティ竹芝オフィスタワー 8F
ビジネスエアポート田町,東京都港区芝5-26-24 田町スクエア2F品川駅スカイウェイ 直結
ビジネスエアポート品川,東京都港区港南2-16-2太陽生命品川ビル28F
ビジネスエアポート目黒,東京都品川区上大崎2-15-19MG目黒駅前1F?9F
ビジネスエアポート渋谷サクラステージ,東京都渋谷区桜丘町1-4　渋谷サクラステージSHIBUYAサイド
ビジネスエアポート渋谷フクラス,東京都渋谷区道玄坂1-2-3渋谷フクラス17F
ビジネスエアポート渋谷南平台,東京都渋谷区道玄坂1-21-1SHIBUYA SOLASTA 3F
ビジネスエアポート代官山,東京都渋谷区代官山町20-23Forestgate Daikanyama?MAIN棟3F
ビジネスエアポート恵比寿,東京都渋谷区恵比寿1-19-19恵比寿ビジネスタワー2F・10F
ビジネスエアポート新宿三丁目,東京都新宿区新宿3-5-6キュープラザ新宿三丁目 4F?8F
ビジネスエアポート横浜,神奈川県横浜市西区高島1-2-5横濱ゲートタワー3F
ビジネスエアポート西梅田,大阪府大阪市北区梅田2-4-9ブリーゼタワー1・2F・3F
サーブコープ東宝日比谷プロムナードビル,東京都千代田区有楽町1-5-2東宝日比谷プロムナードビル 11階
サーブコープ丸の内トラストタワー本館,東京都千代田区丸の内1-8-3丸の内トラストタワー本館 20階
サーブコープ丸の内二重橋ビル,東京都千代田区丸の内3-2-2丸の内二重橋ビル 2階・3階
サーブコープ丸の内郵船ビルディング,東京都千代田区丸の内2-3-2郵船ビルディング 1階
サーブコープ東京駅 - YANMAR TOKYO,東京都中央区八重洲2-1-1YANMAR TOKYO 12階
サーブコープ大手町東京サンケイビル,東京都千代田区大手町 1-7-2東京サンケイビル 27階
サーブコープ日本橋大栄ビル,東京都中央区日本橋室町1-2-6日本橋大栄ビル7階
サーブコープ日本橋ワカ末ビル,東京都中央区日本橋本町3-3-6ワカ末ビル7階
サーブコープ日比谷セントラルビル,東京都港区西新橋1-2-9日比谷セントラルビル14階
サーブコープ汐留芝離宮ビルディング,東京都港区海岸1-2-3汐留芝離宮ビルディング21階
サーブコープ有明フロンティアビルB棟,東京都江東区有明3-7-26有明フロンティアビルB棟9階
サーブコープ品川インターシティA棟,東京都港区港南2-15-1品川インターシティA棟28階
サーブコープ城山トラストタワー,東京都港区虎ノ門4-3-1城山トラストタワー 27階
サーブコープトライセブン ロッポンギ,東京都港区六本木7-7-7Tri-Seven Roppongi 8階
サーブコープ青山パラシオタワー,東京都港区北青山3-6-7青山パラシオタワー11階
サーブコープ恵比寿ガーデンプレイスタワー,東京都渋谷区恵比寿4-20-3恵比寿ガーデンプレイスタワー18階
サーブコープ新宿野村ビル,東京都新宿区西新宿1-26-2新宿野村ビル32階
サーブコープ新宿オークシティ,東京都新宿区西新宿6-10-1日土地西新宿ビル8階
サーブコープ池袋サンシャイン60,東京都豊島区東池袋3-1-1サンシャイン60 45階
サーブコープ横浜ヒューリックみなとみらい,神奈川県横浜市中区桜木町1-1-7ヒューリックみなとみらい10階
サーブコープ心斎橋 本町南ガーデンシティ,大阪府大阪市中央区北久宝寺町3-6-1本町南ガーデンシティ 7階
サーブコープ梅田 ヒルトンプラザウエスト,大阪府大阪市北区梅田2-2-2ヒルトンプラザウエストオフィスタワー18階・19階
サーブコープ江戸堀センタービル,大阪府大阪市西区江戸堀2-1-1江戸堀センタービル9階
サーブコープ心斎橋プロジェクト,大阪府大阪市中央区南船場3-12-21心斎橋プラザビル新館4階
サーブコープエニシオ名駅,愛知県名古屋市中村区名駅4-8-26エニシオ名駅 16階
サーブコープ名古屋ルーセントタワー,愛知県名古屋市西区牛島町6-1名古屋ルーセントタワー40階
サーブコープ名古屋日興證券ビル,愛知県名古屋市中区栄3-2-3名古屋日興證券ビル4階
サーブコープNMF博多駅前ビル,福岡県福岡市博多区博多駅前1-15-20NMF博多駅前ビル2階
サーブコープ福岡天神フコク生命ビル,福岡県福岡市中央区天神1-9-17福岡天神フコク生命ビル15階
THE HUB 西新宿,東京都新宿区西新宿8-3-1西新宿GFビル 1F
THE HUB 汐留,東京都港区東新橋2-7-3昭和アステック1号館 1F
THE HUB 麻布十番,東京都港区麻布十番1-5-10アトラスビル 4F
THE HUB 日本橋兜町,東京都中央区日本橋兜町９?５兜町平和ダイヤビル2階
THE HUB 品川,東京都港区港南２丁目３?１号大信秋山ビル3階
THE HUB 代々木,東京都渋谷区代々木3-1-11パシフィックスクエア代々木 ３・4F
THE HUB 秋葉原EAST,東京都台東区浅草橋5-8-11大富ビル 2F
THE HUB 銀座 OCT,東京都中央区銀座8-17-5THE HUB 銀座 OCT
THE HUB 六本木一丁目,東京都港区六本木3-4-33マルマン六本木ビル 3F
THE HUB 新宿ワシントン,東京都新宿区西新宿3-2-9新宿ワシントンホテルビル本館 2F
THE HUB 新宿,東京都新宿区新宿4-3-15レイフラット新宿B棟 3F
THE HUB 池袋 SOUTH,東京都豊島区南池袋1-21-5第7野萩ビルB1F
THE HUB 立川,東京都立川市柴崎町3-8-5立川NXビル5F
THE HUB 赤坂,東京都港区赤坂2-16-6BIZMARKS赤坂
THE HUB 半蔵門,東京都千代田区平河町1-3-6BIZMARKS 麹町2F
THE HUB 麹町,東京都千代田区二番町9-3THE BASE 麹町
THE HUB 新宿西口,東京都新宿区西新宿1-5-12ニューセントラルビル 8-9F
THE HUB 新橋,東京都港区新橋1-18-21第一日比谷ビル 5F
THE HUB 田町三田,東京都港区三田3-4-3RIPL9（リップルナイン）1-7F
THE HUB 虎ノ門,東京都港区虎ノ門1-1-21新虎ノ門実業会館 5F
THE HUB 神田西口,東京都千代田区内神田3-12-4第一岸ビル 4-5F
THE HUB 東京ベイ有明ワシントン,東京都江東区有明3-7-11有明パークビル 20F
THE HUB 神田小川町,東京都千代田区神田小川町1-8-3小川町北ビルB1F、3F
THE HUB 有楽町EAST,東京都中央区京橋3-3-13平和ビル3号館 3F
THE HUB 渋谷,東京都渋谷区渋谷3-6-2エクラート渋谷4-5F
THE HUB 赤坂見附,東京都港区赤坂3-1-16 BIビル
THE HUB 東銀座,東京都中央区銀座3-14-13第一厚生館ビル5F
THE HUB 南青山,東京都港区南青山3-8-40青山センタービル 2F
THE HUB 銀座6丁目,東京都中央区銀座6-14-8銀座石井ビル4F
THE HUB 青山WEST,東京都渋谷区渋谷1-1-3アミーホール3-4F
THE HUB 日本橋茅場町,東京都中央区日本橋小網町8-2BIZMARKS 日本橋茅場町
THE HUB SOLO 恵比寿,東京都渋谷区恵比寿1-8-18K-1ビル 3F
THE HUB 日本橋大伝馬町,東京都中央区日本橋大伝馬町13-7日本橋大富ビル 2F
THE HUB 田町,東京都港区芝5-32-12シャーメゾンステージ田町 3-7F
THE HUB 横浜桜木町,神奈川県横浜市中区桜木町2-2港陽ビル 4F
THE HUB 横浜関内,神奈川県横浜市中区扇町1-1-25キンガビル 1-2F
THE HUB 溝の口,神奈川県川崎市高津区溝口1-9-7長谷川ビル 5F
THE HUB 大阪江坂,大阪府吹田市豊津町1-18エクラート江坂ビル 3-5F
THE HUB 大阪本町,大阪府大阪市中央区南本町2-3-12EDGE本町 3-4F
THE HUB 心斎橋,"大阪府大阪市中央区南船場3-11-10心斎橋大陽ビル B1F,3-4F"
THE HUB江坂南,大阪府吹田市広芝町10-8江坂董友ビル
THE HUB 四条烏丸,京都市下京区仏光寺通烏丸東入上柳町 331タカノハスクエア 3～5F
THE HUB 名古屋丸の内,"愛知県名古屋市中区丸の内2-17-13NK丸の内ビル 2-4F,6F,8F"
ポータルポイント渋谷,東京都渋谷区神南1-11-3
ポータルポイント代々木公園,東京都渋谷区代々木5-7-5
ポータルポイント原宿,東京都渋谷区千駄ヶ谷3-51-10
ポータルポイント恵比寿,東京都渋谷区恵比寿4-20-4恵比寿ガーデンプレイス　グラススクエア内
ポータルポイント紀尾井町,東京都千代田区麹町4-8-1
ポータルポイント原宿アネックス,東京都渋谷区千駄ヶ谷3-51-7
ポータルポイント渋谷AA,東京都渋谷区桜丘町4-17
SENQ京橋,東京都中央区京橋二丁目2-1 京橋エドグラン3・4F
SENQ霞が関,東京都千代田区霞が関一丁目4-1 日土地ビル2F
SENQ六本木,東京都港区六本木七丁目15-7 新六本木ビル4?9F
SENQ青山,東京都港区南青山一丁目2-6 ラティス青山スクエア2F
SENQ青山並木通り,東京都港区南青山二丁目11-17 第一法規本社ビル3F
SENQ目黒,東京都品川区上大崎三丁目2-1　目黒センタービル8F
LIFORK秋葉原,東京都千代田区外神田4丁目14-1 秋葉原UDX 4F
LIFORK秋葉原2,"東京都千代田区外神田3-13-2
秋葉原TMOビル　B1F～5F"
LIFORK大手町,東京都千代田区大手町1-5-1 大手町ファーストスクエア ウエストタワー1・2階
LIFORK原宿,"東京都渋谷区神宮前一丁目14番30号
WITH HARAJUKU　3F"
LIFORK南青山,東京都港区南青山1-12-32
LIFORK久屋大通,愛知県名古屋市東区東桜１丁目１?１
